PCP,StreamName,StreamType,SourceNode,DestinationNode,Size,Period,Deadline
4,Stream_1,ats,ES_1,ES_9,1306,2000,17557
5,Stream_2,ats,ES_1,ES_90,1138,1000,6035
7,Stream_3,ats,ES_2,ES_24,529,2000,18975
3,Stream_4,ats,ES_2,ES_9,993,1000,15279
2,Stream_5,ats,ES_3,ES_22,598,1000,12080
4,Stream_6,ats,ES_3,ES_70,948,2000,17427
3,Stream_7,ats,ES_4,ES_67,945,500,11828
5,Stream_8,ats,ES_4,ES_14,1088,500,4573
3,Stream_9,ats,ES_5,ES_6,1406,2000,11685
7,Stream_10,ats,ES_5,ES_74,1400,1000,18812
6,Stream_11,ats,ES_6,ES_27,1155,1000,6093
0,Stream_12,ats,ES_6,ES_79,1003,2000,5982
4,Stream_13,ats,ES_7,ES_31,976,500,7737
6,Stream_14,ats,ES_7,ES_81,715,500,13313
4,Stream_15,ats,ES_8,ES_33,1091,1000,10956
5,Stream_16,ats,ES_8,ES_11,613,500,16830
6,Stream_17,ats,ES_9,ES_73,1472,1000,19526
3,Stream_18,ats,ES_9,ES_56,618,1000,13597
1,Stream_19,ats,ES_10,ES_72,608,2000,1635
7,Stream_20,ats,ES_10,ES_17,1327,500,4951
1,Stream_21,ats,ES_11,ES_81,1457,1000,12053
2,Stream_22,ats,ES_11,ES_33,1201,1000,8950
7,Stream_23,ats,ES_12,ES_48,586,1000,2127
4,Stream_24,ats,ES_12,ES_74,1200,1000,2380
2,Stream_25,ats,ES_13,ES_42,1274,2000,1914
5,Stream_26,ats,ES_13,ES_7,1116,2000,15389
0,Stream_27,ats,ES_14,ES_40,912,2000,5946
7,Stream_28,ats,ES_14,ES_23,1005,500,12686
0,Stream_29,ats,ES_15,ES_22,925,500,4402
6,Stream_30,ats,ES_15,ES_76,992,1000,2204
1,Stream_31,ats,ES_16,ES_17,1432,500,1119
1,Stream_32,ats,ES_16,ES_14,972,500,9134
2,Stream_33,ats,ES_17,ES_20,890,2000,3109
5,Stream_34,ats,ES_17,ES_71,800,1000,3013
7,Stream_35,ats,ES_18,ES_36,1408,1000,15879
3,Stream_36,ats,ES_18,ES_7,506,500,2810
5,Stream_37,ats,ES_19,ES_9,924,1000,9540
7,Stream_38,ats,ES_19,ES_4,1340,2000,8456
0,Stream_39,ats,ES_20,ES_95,508,500,17566
7,Stream_40,ats,ES_20,ES_21,1388,500,7832
7,Stream_41,ats,ES_21,ES_71,578,2000,9547
0,Stream_42,ats,ES_21,ES_59,1131,2000,10651
5,Stream_43,ats,ES_22,ES_40,1151,500,13093
0,Stream_44,ats,ES_22,ES_66,545,500,11725
1,Stream_45,ats,ES_23,ES_30,952,1000,17364
7,Stream_46,ats,ES_23,ES_10,1058,500,18567
5,Stream_47,ats,ES_24,ES_74,829,500,9894
2,Stream_48,ats,ES_24,ES_88,1367,2000,17113
3,Stream_49,ats,ES_25,ES_32,1320,1000,5552
3,Stream_50,ats,ES_25,ES_44,1471,500,9941
2,Stream_51,ats,ES_26,ES_63,1189,500,11195
6,Stream_52,ats,ES_26,ES_66,1104,1000,4698
6,Stream_53,ats,ES_27,ES_32,842,1000,3822
6,Stream_54,ats,ES_27,ES_2,585,500,8191
1,Stream_55,ats,ES_28,ES_31,1494,500,3587
0,Stream_56,ats,ES_28,ES_16,1260,500,7942
0,Stream_57,ats,ES_29,ES_19,588,2000,9018
1,Stream_58,ats,ES_29,ES_34,1451,1000,2333
0,Stream_59,ats,ES_30,ES_92,1347,500,15994
2,Stream_60,ats,ES_30,ES_87,1006,1000,19669
2,Stream_61,ats,ES_31,ES_66,1042,2000,17331
4,Stream_62,ats,ES_31,ES_71,1250,1000,3466
4,Stream_63,ats,ES_32,ES_5,1289,1000,2576
1,Stream_64,ats,ES_32,ES_85,998,2000,17779
5,Stream_65,ats,ES_33,ES_49,852,1000,7090
3,Stream_66,ats,ES_33,ES_63,831,1000,7434
6,Stream_67,ats,ES_34,ES_62,818,1000,15700
3,Stream_68,ats,ES_34,ES_7,1269,2000,8166
1,Stream_69,ats,ES_35,ES_45,1291,500,10782
0,Stream_70,ats,ES_35,ES_93,1135,500,2886
3,Stream_71,ats,ES_36,ES_38,516,500,16536
1,Stream_72,ats,ES_36,ES_75,1113,1000,10420
6,Stream_73,ats,ES_37,ES_79,823,500,9106
4,Stream_74,ats,ES_37,ES_86,983,500,11007
0,Stream_75,ats,ES_38,ES_26,1234,500,2739
4,Stream_76,ats,ES_38,ES_72,1226,500,6949
3,Stream_77,ats,ES_39,ES_44,930,2000,19669
7,Stream_78,ats,ES_39,ES_33,1006,1000,2530
1,Stream_79,ats,ES_40,ES_27,753,2000,16089
3,Stream_80,ats,ES_40,ES_63,819,2000,12719
4,Stream_81,ats,ES_41,ES_77,836,2000,14799
6,Stream_82,ats,ES_41,ES_32,1170,500,10827
5,Stream_83,ats,ES_42,ES_78,1390,1000,17652
6,Stream_84,ats,ES_42,ES_27,629,2000,6569
2,Stream_85,ats,ES_43,ES_64,721,500,16106
6,Stream_86,ats,ES_43,ES_31,1462,500,15395
7,Stream_87,ats,ES_44,ES_78,1116,2000,2556
1,Stream_88,ats,ES_44,ES_33,1256,1000,6501
5,Stream_89,ats,ES_45,ES_96,1163,2000,1838
7,Stream_90,ats,ES_45,ES_74,1158,500,18549
6,Stream_91,ats,ES_46,ES_15,735,500,9876
7,Stream_92,ats,ES_46,ES_75,604,500,11507
7,Stream_93,ats,ES_47,ES_38,603,2000,10760
4,Stream_94,ats,ES_47,ES_49,942,500,19703
4,Stream_95,ats,ES_48,ES_93,1197,500,5320
2,Stream_96,ats,ES_48,ES_85,732,1000,8904
3,Stream_97,ats,ES_49,ES_87,1426,500,16597
3,Stream_98,ats,ES_49,ES_84,690,1000,1364
1,Stream_99,ats,ES_50,ES_87,1132,500,11007
3,Stream_100,ats,ES_50,ES_16,1387,1000,3437
6,Stream_101,ats,ES_51,ES_56,1180,2000,5514
5,Stream_102,ats,ES_51,ES_10,1387,500,14042
4,Stream_103,ats,ES_52,ES_80,851,2000,1609
5,Stream_104,ats,ES_52,ES_6,703,2000,9345
0,Stream_105,ats,ES_53,ES_54,1424,1000,1056
1,Stream_106,ats,ES_53,ES_18,1289,500,12285
6,Stream_107,ats,ES_54,ES_31,1132,2000,8611
7,Stream_108,ats,ES_54,ES_5,1259,1000,5061
5,Stream_109,ats,ES_55,ES_81,1079,500,11322
4,Stream_110,ats,ES_55,ES_46,923,1000,11553
7,Stream_111,ats,ES_56,ES_68,512,1000,7559
6,Stream_112,ats,ES_56,ES_43,1017,500,10783
5,Stream_113,ats,ES_57,ES_71,783,1000,10524
6,Stream_114,ats,ES_57,ES_10,752,1000,15452
3,Stream_115,ats,ES_58,ES_39,1186,2000,12876
1,Stream_116,ats,ES_58,ES_82,871,500,1504
7,Stream_117,ats,ES_59,ES_52,897,500,19185
7,Stream_118,ats,ES_59,ES_66,797,2000,16177
1,Stream_119,ats,ES_60,ES_94,767,2000,1072
1,Stream_120,ats,ES_60,ES_2,840,2000,10550
3,Stream_121,ats,ES_61,ES_72,1265,1000,17516
0,Stream_122,ats,ES_61,ES_68,1375,1000,16625
1,Stream_123,ats,ES_62,ES_46,1249,1000,17496
2,Stream_124,ats,ES_62,ES_41,801,500,2549
7,Stream_125,ats,ES_63,ES_95,870,500,12706
4,Stream_126,ats,ES_63,ES_57,656,2000,16651
7,Stream_127,ats,ES_64,ES_65,675,500,13411
5,Stream_128,ats,ES_64,ES_6,1329,2000,10107
7,Stream_129,ats,ES_65,ES_53,816,1000,8572
1,Stream_130,ats,ES_65,ES_73,1280,2000,17562
2,Stream_131,ats,ES_66,ES_4,1436,1000,18173
6,Stream_132,ats,ES_66,ES_23,505,1000,15468
7,Stream_133,ats,ES_67,ES_58,1180,500,6521
7,Stream_134,ats,ES_67,ES_63,505,2000,3055
5,Stream_135,ats,ES_68,ES_8,1000,1000,1022
3,Stream_136,ats,ES_68,ES_87,1471,2000,6985
6,Stream_137,ats,ES_69,ES_25,1389,500,13975
0,Stream_138,ats,ES_69,ES_21,665,1000,1736
0,Stream_139,ats,ES_70,ES_5,1384,500,2239
2,Stream_140,ats,ES_70,ES_4,574,1000,2989
7,Stream_141,ats,ES_71,ES_8,624,500,3633
4,Stream_142,ats,ES_71,ES_14,568,500,8355
5,Stream_143,ats,ES_72,ES_44,1380,2000,3833
5,Stream_144,ats,ES_72,ES_3,640,2000,12015
2,Stream_145,ats,ES_73,ES_45,1041,2000,16201
3,Stream_146,ats,ES_73,ES_78,1429,500,8174
6,Stream_147,ats,ES_74,ES_6,803,2000,9668
7,Stream_148,ats,ES_74,ES_65,536,2000,6756
2,Stream_149,ats,ES_75,ES_47,1477,500,19161
0,Stream_150,ats,ES_75,ES_48,1262,500,7743
6,Stream_151,ats,ES_76,ES_70,804,1000,15584
4,Stream_152,ats,ES_76,ES_58,808,500,9768
1,Stream_153,ats,ES_77,ES_75,1291,2000,5731
6,Stream_154,ats,ES_77,ES_69,1132,2000,10552
4,Stream_155,ats,ES_78,ES_80,1370,1000,3910
5,Stream_156,ats,ES_78,ES_59,1191,500,11423
6,Stream_157,ats,ES_79,ES_76,965,2000,7001
2,Stream_158,ats,ES_79,ES_19,980,2000,13393
0,Stream_159,ats,ES_80,ES_47,1149,1000,12641
5,Stream_160,ats,ES_80,ES_50,1175,2000,17042
1,Stream_161,ats,ES_81,ES_38,1447,2000,6167
0,Stream_162,ats,ES_81,ES_8,877,1000,10514
2,Stream_163,ats,ES_82,ES_23,1230,1000,5225
4,Stream_164,ats,ES_82,ES_21,737,500,5980
5,Stream_165,ats,ES_83,ES_36,1117,500,5053
3,Stream_166,ats,ES_83,ES_39,1334,500,11906
5,Stream_167,ats,ES_84,ES_55,627,500,9915
7,Stream_168,ats,ES_84,ES_68,1226,1000,6227
4,Stream_169,ats,ES_85,ES_20,1100,1000,7900
1,Stream_170,ats,ES_85,ES_14,1358,500,12942
6,Stream_171,ats,ES_86,ES_87,1470,500,2322
1,Stream_172,ats,ES_86,ES_12,972,1000,18758
3,Stream_173,ats,ES_87,ES_59,944,2000,4680
6,Stream_174,ats,ES_87,ES_86,908,500,15102
3,Stream_175,ats,ES_88,ES_90,958,500,8768
5,Stream_176,ats,ES_88,ES_22,712,1000,5963
6,Stream_177,ats,ES_89,ES_46,704,1000,4986
3,Stream_178,ats,ES_89,ES_25,1222,500,12551
6,Stream_179,ats,ES_90,ES_64,947,500,19957
7,Stream_180,ats,ES_90,ES_77,935,2000,12678
3,Stream_181,ats,ES_91,ES_53,1209,2000,17348
1,Stream_182,ats,ES_91,ES_22,1341,1000,5775
0,Stream_183,ats,ES_92,ES_38,696,2000,12114
5,Stream_184,ats,ES_92,ES_68,917,2000,10137
4,Stream_185,ats,ES_93,ES_77,536,2000,8178
5,Stream_186,ats,ES_93,ES_50,944,2000,9573
3,Stream_187,ats,ES_94,ES_13,974,500,6037
6,Stream_188,ats,ES_94,ES_79,654,1000,12361
4,Stream_189,ats,ES_95,ES_92,579,500,16162
1,Stream_190,ats,ES_95,ES_10,1373,500,5051
5,Stream_191,ats,ES_96,ES_53,1343,500,5117
3,Stream_192,ats,ES_96,ES_66,1384,1000,2543
